bin_name,bin_arch,is_static,is_stripped,used_libs,keywords,used_nvram_env,checksec,hash_value,bdg
dnrd,MIPS,0,1,"['libgcc_s.so.1', 'libc.so.0']",[],0,"{'RELRO': 0, 'Canary': 0, 'NX': 0, 'PIE': 0, 'rpath': 0, 'runpath': 0}",6fd13ebff4072a764ac981d6d4c7ba387b8c1653da6251ae645ff5d8cfcb1c68,[]
snmpd,MIPS,0,1,"['libpthread.so.0', 'libssl.so.0.9.8', 'libcrypto.so.0.9.8', 'libgcc_s.so.1', 'libc.so.0']","['MIBDIRS', 'MIBS', 'SNMPCONFPATH', 'HOME', 'PREFIX', 'SNMP_PERSISTENT_FILE', 'SNMP_PERSISTENT_DIR', 'MIBFILES']",1,"{'RELRO': 0, 'Canary': 0, 'NX': 0, 'PIE': 0, 'rpath': 0, 'runpath': 0}",b49160d627800b0e148cfb7b4e527b53ee6e5b18fed3729eca733967060de9e7,"['ldapsearch', 'ldapwhoami', 'snmptrap']"
servd,MIPS,0,1,"['libgcc_s.so.1', 'libc.so.0']",[],0,"{'RELRO': 0, 'Canary': 0, 'NX': 0, 'PIE': 0, 'rpath': 0, 'runpath': 0}",29e90598bc2e3ffd6ef4e466cdf496c992c59e4211020550df669e313ae563af,[]
tc_monitor,MIPS,0,1,"['libgcc_s.so.1', 'libc.so.0']",[],0,"{'RELRO': 0, 'Canary': 0, 'NX': 0, 'PIE': 0, 'rpath': 0, 'runpath': 0}",dcfbda88be564fa98aa15695a993854839d410583c4da2665009a4956f4be2af,[]
telnetd,MIPS,0,1,"['libgcc_s.so.1', 'libc.so.0']",[],0,"{'RELRO': 0, 'Canary': 0, 'NX': 0, 'PIE': 0, 'rpath': 0, 'runpath': 0}",35b305d1693ccd7b95a59545ffeb6f3f6690b197b2ddb828ee565721ef7729c0,[]
ethlink,MIPS,0,0,"['libgcc_s.so.1', 'libc.so.0']",[],0,"{'RELRO': 0, 'Canary': 0, 'NX': 0, 'PIE': 0, 'rpath': 0, 'runpath': 0}",a0a42be7e1e96b894a017c2b67ade378b2f774d21e12bd90dd3bb13afdb851f3,[]
neapc,MIPS,0,1,"['libgcc_s.so.1', 'libc.so.0']",[],0,"{'RELRO': 0, 'Canary': 0, 'NX': 0, 'PIE': 0, 'rpath': 0, 'runpath': 0}",07fdc7cf61e5fe3bfca791a67755e36a54f3a9a4e893730e78c89a99549d8651,[]
radiusclient,MIPS,0,0,"['libradiusclient-ng.so.2', 'libcrypt.so.0', 'libnsl.so.0', 'libgcc_s.so.1', 'libc.so.0']",[],0,"{'RELRO': 0, 'Canary': 0, 'NX': 0, 'PIE': 0, 'rpath': 0, 'runpath': 0}",edac57ee4404c172bddefef6f5161775969f577e5c53ee373880ee99ef19f1a0,[]
sshd,MIPS,0,1,"['libcrypto.so.0.9.8', 'libutil.so.0', 'libcrypt.so.0', 'libresolv.so.0', 'libz.so.1', 'libgcc_s.so.1', 'libc.so.0']","['KRB5CCNAME', 'DISPLAY']",1,"{'RELRO': 0, 'Canary': 0, 'NX': 0, 'PIE': 0, 'rpath': 0, 'runpath': 0}",c7d834e64bfef65542a106e7a26f03d36cda0a6742b3bc9e6351eedb938c7f47,[]
udhcpd,MIPS,0,1,"['libm.so.0', 'libgcc_s.so.1', 'libc.so.0']",[],0,"{'RELRO': 0, 'Canary': 0, 'NX': 0, 'PIE': 0, 'rpath': 0, 'runpath': 0}",9dd03ebd2b5e256b64ee40dd56e46d847c8a7b459889879dea87e10280ef257c,[]
wpa_supplicant,MIPS,0,0,"['libgcc_s.so.1', 'libc.so.0']",['TOP'],1,"{'RELRO': 0, 'Canary': 0, 'NX': 0, 'PIE': 0, 'rpath': 0, 'runpath': 0}",67f3d369630b2d9a66cc96d679356c6668fc79d16398c28b3d2b62f4593365e5,"['hostapd', 'httpd', 'eapolclient']"
athstatsclr,MIPS,1,0,[],[],0,"{'RELRO': 0, 'Canary': 0, 'NX': 0, 'PIE': 0, 'rpath': 0, 'runpath': 0}",7f88bfe47fe023a8dea4061ce61668d54358e5964665ec6420767eba4a26739a,[]
iwlist,MIPS,0,1,"['libgcc_s.so.1', 'libc.so.0']",[],0,"{'RELRO': 0, 'Canary': 0, 'NX': 0, 'PIE': 0, 'rpath': 0, 'runpath': 0}",93dd052ba838d0bacb1c3d85e926ce2a3b3f7b8e9b210eb91ae5f3e86255a484,[]
dhcpxmlpatch,MIPS,0,1,"['libgcc_s.so.1', 'libc.so.0']",[],0,"{'RELRO': 0, 'Canary': 0, 'NX': 0, 'PIE': 0, 'rpath': 0, 'runpath': 0}",06ab7f4f493e970c629150e0846d7e85d6d84a56e1abc76034aa4f85de180280,[]
autorekey,MIPS,0,1,"['libgcc_s.so.1', 'libc.so.0']",[],0,"{'RELRO': 0, 'Canary': 0, 'NX': 0, 'PIE': 0, 'rpath': 0, 'runpath': 0}",171ad3f72e1b8d9adcca3a9552142f14460ceed54cefd57b0c20af7d962bc6ee,[]
aparraymsg,MIPS,0,1,"['libgcc_s.so.1', 'libc.so.0']",[],0,"{'RELRO': 0, 'Canary': 0, 'NX': 0, 'PIE': 0, 'rpath': 0, 'runpath': 0}",7fe3f5807106ca0eb32b10573fb45287d6257bb3583bcaab16769e43104af09f,[]
flashtest,MIPS,0,1,"['libgcc_s.so.1', 'libc.so.0']",[],0,"{'RELRO': 0, 'Canary': 0, 'NX': 0, 'PIE': 0, 'rpath': 0, 'runpath': 0}",e6ed3f270bc598b4883748454c7c2ce537d2fd05ce3f71e63a0f256a2dd6b7b3,[]
pop3client,MIPS,0,0,"['libgcc_s.so.1', 'libc.so.0']",[],0,"{'RELRO': 0, 'Canary': 0, 'NX': 0, 'PIE': 0, 'rpath': 0, 'runpath': 0}",975b192c91aae3fa3c9e76122f66ef669d6cb7f01f141e0820401fdd96b6748b,[]
vethctl,MIPS,0,1,"['libgcc_s.so.1', 'libc.so.0']",[],0,"{'RELRO': 0, 'Canary': 0, 'NX': 0, 'PIE': 0, 'rpath': 0, 'runpath': 0}",c1d4f92985d0de6c7267bc1d60f5af49a960d13194d4e749da13f436f1d79fed,[]
ethreg,MIPS,0,0,"['libgcc_s.so.1', 'libc.so.0']",[],0,"{'RELRO': 0, 'Canary': 0, 'NX': 0, 'PIE': 0, 'rpath': 0, 'runpath': 0}",4dd8af683704b8bc7771b1caff6b317ce589af080d5eb9768e769825f493a384,[]
xmldb,MIPS,0,1,"['libgcc_s.so.1', 'libc.so.0']",[],0,"{'RELRO': 0, 'Canary': 0, 'NX': 0, 'PIE': 0, 'rpath': 0, 'runpath': 0}",b344eb8c236d8073b40b9d8f922c3b4aea0e9393b7b333941787708e89250a85,[]
wlanconfig,MIPS,1,0,[],[],0,"{'RELRO': 0, 'Canary': 0, 'NX': 0, 'PIE': 0, 'rpath': 0, 'runpath': 0}",e0e89fcf03f5887ff07a7461e85ad9da4df7758bafbad3b8fb068376e2442d67,[]
ldapwhoami,MIPS,0,0,"['libssl.so.0.9.8', 'libcrypto.so.0.9.8', 'libgcc_s.so.1', 'libc.so.0']","['LDAPNOINIT', 'HOME', 'LDAPRC', 'LDAPCONF']",1,"{'RELRO': 0, 'Canary': 0, 'NX': 0, 'PIE': 0, 'rpath': 0, 'runpath': 0}",e7e952f8e1b5f6492ffbb1e77acfb0f292065db2a23721e2afb1ffd704b761c7,"['ldapsearch', 'snmpd', 'snmptrap']"
iputils-ping6,MIPS,0,1,"['libgcc_s.so.1', 'libc.so.0']",[],0,"{'RELRO': 0, 'Canary': 0, 'NX': 0, 'PIE': 0, 'rpath': 0, 'runpath': 0}",8cb2be6de7c5b505e94384934ee0a3a71611cc97c15df5cd22be30a10f72b803,[]
genZoneInfo,MIPS,0,0,"['libgcc_s.so.1', 'libc.so.0']",[],0,"{'RELRO': 0, 'Canary': 0, 'NX': 0, 'PIE': 0, 'rpath': 0, 'runpath': 0}",c5b6dc4c920d67e4463801df2d2be4d4fa076c138b98d25d484a3eacdbadd53b,[]
apneaps,MIPS,0,1,"['libpthread.so.0', 'libgcc_s.so.1', 'libc.so.0']",[],0,"{'RELRO': 0, 'Canary': 0, 'NX': 0, 'PIE': 0, 'rpath': 0, 'runpath': 0}",ae9f206b376aad8e7198bae6860116171bb02a3fd5ced8e9f853447dc6e9c990,[]
cloned,MIPS,0,1,"['libgcc_s.so.1', 'libc.so.0']",[],0,"{'RELRO': 0, 'Canary': 0, 'NX': 0, 'PIE': 0, 'rpath': 0, 'runpath': 0}",c92c9e623a0b6d076e151c93a6be5140afd99eb339400ec2a8d8f7f0e5b398c8,[]
hostapd,MIPS,0,0,"['libssl.so.0.9.8', 'libcrypto.so.0.9.8', 'libgcc_s.so.1', 'libc.so.0']",['TOP'],1,"{'RELRO': 0, 'Canary': 0, 'NX': 0, 'PIE': 0, 'rpath': 0, 'runpath': 0}",9a2d911c8b1124e99ef8913b5eec23ee5fe19e0af2607d444ff3b0319eee42c9,"['httpd', 'wpa_supplicant', 'eapolclient']"
wpa_supplicant,MIPS,0,0,"['libgcc_s.so.1', 'libc.so.0']",['TOP'],1,"{'RELRO': 0, 'Canary': 0, 'NX': 0, 'PIE': 0, 'rpath': 0, 'runpath': 0}",67f3d369630b2d9a66cc96d679356c6668fc79d16398c28b3d2b62f4593365e5,"['hostapd', 'httpd', 'eapolclient']"
autorekeymatchtime,MIPS,0,1,"['libgcc_s.so.1', 'libc.so.0']",[],0,"{'RELRO': 0, 'Canary': 0, 'NX': 0, 'PIE': 0, 'rpath': 0, 'runpath': 0}",5eec7590bc0e738128fe5e834e3877caba2b1c447c3834b228925c9f0247ce56,[]
ldapsearch,MIPS,0,0,"['libssl.so.0.9.8', 'libcrypto.so.0.9.8', 'libgcc_s.so.1', 'libc.so.0']","['TMPDIR', 'LDAPCONF', 'LDAPNOINIT', 'TMP', 'HOME', 'LDAPRC', 'TEMP']",1,"{'RELRO': 0, 'Canary': 0, 'NX': 0, 'PIE': 0, 'rpath': 0, 'runpath': 0}",7f39d80085ac00ada0000ffbb1105bbd8ef44f30d6c8c5132cef06285596c9fd,"['snmptrap', 'snmpd', 'ldapwhoami']"
schedule_smtp,MIPS,0,1,"['libgcc_s.so.1', 'libc.so.0']",[],0,"{'RELRO': 0, 'Canary': 0, 'NX': 0, 'PIE': 0, 'rpath': 0, 'runpath': 0}",2a92c7598aa4b0cb7cca0145f3d436d80d03de5278d82e4e100a51939bc235d4,[]
cli,MIPS,1,1,[],[],0,"{'RELRO': 0, 'Canary': 0, 'NX': 0, 'PIE': 0, 'rpath': 0, 'runpath': 0}",2a7fc3a903cb4fc179c9fac5671751988fc0be0bf131f6e517b6e94ade610c0c,[]
fresetd,MIPS,0,0,"['libgcc_s.so.1', 'libc.so.0']",[],0,"{'RELRO': 0, 'Canary': 0, 'NX': 0, 'PIE': 0, 'rpath': 0, 'runpath': 0}",76d0d3752546ef5b6f03d45db1c95126e0248f2d9f302bfb4308354bf45b6ac5,[]
static_dhcp,MIPS,0,0,"['libgcc_s.so.1', 'libc.so.0']",[],0,"{'RELRO': 0, 'Canary': 0, 'NX': 0, 'PIE': 0, 'rpath': 0, 'runpath': 0}",c8d65edb52b2a473f758c73dfd9c293e2893eca138d617106b4f69cf44a8c223,[]
captival_portal,MIPS,0,0,"['libpthread.so.0', 'libgcc_s.so.1', 'libc.so.0']",[],0,"{'RELRO': 0, 'Canary': 0, 'NX': 0, 'PIE': 0, 'rpath': 0, 'runpath': 0}",e61fba06ab3cd3e1f0c88da0033947cbee4056050159caa3af8b46cbedfd1929,[]
ip,MIPS,0,1,"['libresolv.so.0', 'libgcc_s.so.1', 'libc.so.0']","['HZ', 'PROC_NET_PSCHED', 'PROC_ROOT']",1,"{'RELRO': 0, 'Canary': 0, 'NX': 0, 'PIE': 0, 'rpath': 0, 'runpath': 0}",f35f73d14b2208fba7cfdf881690c6a35dc7bbd0d3243313014a6125573fb698,['tc']
80211stats,MIPS,1,0,[],[],0,"{'RELRO': 0, 'Canary': 0, 'NX': 0, 'PIE': 0, 'rpath': 0, 'runpath': 0}",fceac21d996f44df8d11cb683d3b1dc25e290fb8c83eb5b285fafdfc5db85f48,[]
iwpriv,MIPS,0,1,"['libgcc_s.so.1', 'libc.so.0']",[],0,"{'RELRO': 0, 'Canary': 0, 'NX': 0, 'PIE': 0, 'rpath': 0, 'runpath': 0}",46bad0d48f1745856569e08247612643f35062e1a81b925286f632737d0abcf9,[]
radartool,MIPS,1,0,[],[],0,"{'RELRO': 0, 'Canary': 0, 'NX': 0, 'PIE': 0, 'rpath': 0, 'runpath': 0}",92975859ae340b1c6b82ad966ea6abe66c203719c0335840e34c74cb3b55b991,[]
zic,MIPS,0,0,"['libgcc_s.so.1', 'libc.so.0']",['TZ'],1,"{'RELRO': 0, 'Canary': 0, 'NX': 0, 'PIE': 0, 'rpath': 0, 'runpath': 0}",3474dcaf291777196370b7efd54d2a9941d6e0a579831a8cfb4a25832a8f7da3,[]
ebtables-restore,MIPS,0,1,"['libebtc.so', 'libebt_802_3.so', 'libebt_nat.so', 'libebt_arp.so', 'libebt_arpreply.so', 'libebt_ip.so', 'libebt_standard.so', 'libebt_log.so', 'libebt_redirect.so', 'libebt_vlan.so', 'libebt_mark_m.so', 'libebt_mark.so', 'libebt_pkttype.so', 'libebt_stp.so', 'libebt_among.so', 'libebt_limit.so', 'libebt_ulog.so', 'libebtable_filter.so', 'libebtable_nat.so', 'libebtable_broute.so', 'libgcc_s.so.1', 'libc.so.0']",[],0,"{'RELRO': 0, 'Canary': 0, 'NX': 0, 'PIE': 0, 'rpath': 1, 'runpath': 0}",d3d4a7b494ccf17fd06b31c1dc0d892396d601e0b28d3138c8a43f6a4a28f72e,[]
httpd,MIPS,0,1,"['libcrypt.so.0', 'libgcc_s.so.1', 'libc.so.0']","['TOP', 'PATH']",1,"{'RELRO': 0, 'Canary': 0, 'NX': 0, 'PIE': 0, 'rpath': 0, 'runpath': 0}",df00723958eed259438e70331d0cdbabd831326d6d82fd724a8a459ef891e3f0,"['hostapd', 'wpa_supplicant', 'eapolclient']"
atp,MIPS,0,1,"['libgcc_s.so.1', 'libc.so.0']","['REALM', 'REMOTE_PASSWD', 'REQUEST_METHOD', 'QUERY_STRING', 'HTDOCS_DIR', 'REQUEST_URI', 'REMOTE_ADDR', 'SESSION_ID', 'REMOTE_USER']",1,"{'RELRO': 0, 'Canary': 0, 'NX': 0, 'PIE': 0, 'rpath': 0, 'runpath': 0}",6744da7ad01439675dad723838b3f025a4169cb1658b9bcb4bc76a200d76f314,[]
neaps,MIPS,0,1,"['libgcc_s.so.1', 'libc.so.0']",[],0,"{'RELRO': 0, 'Canary': 0, 'NX': 0, 'PIE': 0, 'rpath': 0, 'runpath': 0}",6240879cb6c9537ea3d68f841a3cda20012d140e22bfd602f305eee0d3c8fb66,[]
arptables,MIPS,0,0,"['libgcc_s.so.1', 'libc.so.0']",[],0,"{'RELRO': 0, 'Canary': 0, 'NX': 0, 'PIE': 0, 'rpath': 0, 'runpath': 0}",2f8721504b4d6be0395976fc130d3c0d073543dcb212b057c6515b8b87873885,[]
neapclient,MIPS,0,0,"['libgcc_s.so.1', 'libc.so.0']",[],0,"{'RELRO': 0, 'Canary': 0, 'NX': 0, 'PIE': 0, 'rpath': 0, 'runpath': 0}",195af946a7d41ad68ddb7547b1c01d992aa64255d1ca04f9f505951d5a2a0f0c,[]
neaps_array,MIPS,0,1,"['libgcc_s.so.1', 'libc.so.0']",[],0,"{'RELRO': 0, 'Canary': 0, 'NX': 0, 'PIE': 0, 'rpath': 0, 'runpath': 0}",d21478c082f3cb89e23c1c4a66935605882669b50f4f319bf30735bb42ac4c04,[]
syslogd,MIPS,0,1,"['libgcc_s.so.1', 'libc.so.0']",[],0,"{'RELRO': 0, 'Canary': 0, 'NX': 0, 'PIE': 0, 'rpath': 0, 'runpath': 0}",a858236481fc7427db6135d514759f01dc6dd335324ea75086e2d07576bdf6ed,[]
stunnel,MIPS,0,1,"['libdl.so.0', 'libutil.so.0', 'libnsl.so.0', 'libssl.so.0.9.8', 'libcrypto.so.0.9.8', 'libpthread.so.0', 'libz.so.1', 'libgcc_s.so.1', 'libc.so.0']",[],0,"{'RELRO': 0, 'Canary': 0, 'NX': 0, 'PIE': 0, 'rpath': 0, 'runpath': 0}",0206475777ca7905074fabbd7602c4e64a379d61dac86d6f92353361a8477517,[]
wlxmlpatch,MIPS,0,1,"['libgcc_s.so.1', 'libc.so.0']",[],0,"{'RELRO': 0, 'Canary': 0, 'NX': 0, 'PIE': 0, 'rpath': 0, 'runpath': 0}",6e15bca26377e70c8e9498b8963a573cf6fe5ddfde9d2b63289d66b4ba39ed0c,[]
sendmail,MIPS,0,1,"['libresolv.so.0', 'libgcc_s.so.1', 'libc.so.0']",[],0,"{'RELRO': 0, 'Canary': 0, 'NX': 0, 'PIE': 0, 'rpath': 0, 'runpath': 0}",7f525f5d743a9aaf9370d6538046325291581d9b35a30108eccc68842cc8fd80,[]
trap_monitor,MIPS,0,1,"['libgcc_s.so.1', 'libc.so.0']",[],0,"{'RELRO': 0, 'Canary': 0, 'NX': 0, 'PIE': 0, 'rpath': 0, 'runpath': 0}",f0dfb3c3afdd20153665c36c990a20f4a512a29ba9a720c91490e3acc400a74f,[]
klogd,MIPS,0,1,"['libgcc_s.so.1', 'libc.so.0']",[],0,"{'RELRO': 0, 'Canary': 0, 'NX': 0, 'PIE': 0, 'rpath': 0, 'runpath': 0}",66c6712c50ad6317777675a6454bd24699996efdd8dc3058dd9867b89bf06efa,[]
lld2d,MIPS,0,1,"['libgcc_s.so.1', 'libc.so.0']",[],0,"{'RELRO': 0, 'Canary': 0, 'NX': 0, 'PIE': 0, 'rpath': 0, 'runpath': 0}",1c3c2e33fab7e7c4b67bec88a523730f74a68f26b56dacf2c8fd332ac7555658,[]
autorekeysleep,MIPS,0,1,"['libgcc_s.so.1', 'libc.so.0']",[],0,"{'RELRO': 0, 'Canary': 0, 'NX': 0, 'PIE': 0, 'rpath': 0, 'runpath': 0}",0aecb2eaa2cdd84b2c7fca58b4e229e4bbbc0be4ae5854d3b1a215d1e960d34b,[]
iwconfig,MIPS,0,1,"['libgcc_s.so.1', 'libc.so.0']",[],0,"{'RELRO': 0, 'Canary': 0, 'NX': 0, 'PIE': 0, 'rpath': 0, 'runpath': 0}",7a7211bf41bc15f59da17bea0c42850aece05a3f9674600d6c51d390d32a41b6,[]
nart.out,MIPS,0,0,"['libm.so.0', 'libpthread.so.0', 'libdl.so.0', 'libfield.so', 'libpart.so', 'libanwi.so', 'libgcc_s.so.1', 'libc.so.0']",[],0,"{'RELRO': 0, 'Canary': 0, 'NX': 0, 'PIE': 0, 'rpath': 0, 'runpath': 0}",372797b2498713985d718886b37813e4c973bf6dbed3b24db4e7ce678e0205cb,[]
ap_igmp,MIPS,0,1,"['libgcc_s.so.1', 'libc.so.0']",[],0,"{'RELRO': 0, 'Canary': 0, 'NX': 0, 'PIE': 0, 'rpath': 0, 'runpath': 0}",f097621c5547331af078b140a054fad292e1cb136a7911fdac26e122419d52eb,[]
email,MIPS,0,0,"['libcrypto.so.0.9.8', 'libssl.so.0.9.8', 'libm.so.0', 'libgcc_s.so.1', 'libc.so.0']",['EDITOR'],1,"{'RELRO': 0, 'Canary': 0, 'NX': 0, 'PIE': 0, 'rpath': 0, 'runpath': 0}",6c4ec6de849ccdf273f9a5a022a5fe054c208385aa5c3b5ba193da5ea6e0ec61,[]
gpioc,MIPS,0,0,"['libgcc_s.so.1', 'libc.so.0']",[],0,"{'RELRO': 0, 'Canary': 0, 'NX': 0, 'PIE': 0, 'rpath': 0, 'runpath': 0}",17a2acf782893592798aa5cbaa2c56cca6a859b25a24651ff7389c5c29d05308,[]
athstats,MIPS,1,0,[],[],0,"{'RELRO': 0, 'Canary': 0, 'NX': 0, 'PIE': 0, 'rpath': 0, 'runpath': 0}",e862a58b39866b65550f2c1fdadc1df601f7213d98b412ce63df679ba4d07841,[]
eapolclient,MIPS,0,0,"['libpthread.so.0', 'libgcc_s.so.1', 'libc.so.0']",['TOP'],1,"{'RELRO': 0, 'Canary': 0, 'NX': 0, 'PIE': 0, 'rpath': 0, 'runpath': 0}",bf5a106e36d1f3ab907d1fd8f02cf85d33e9156663baf72489893c17f4c08fb7,"['hostapd', 'httpd', 'wpa_supplicant']"
hostapd,MIPS,0,0,"['libssl.so.0.9.8', 'libcrypto.so.0.9.8', 'libgcc_s.so.1', 'libc.so.0']",['TOP'],1,"{'RELRO': 0, 'Canary': 0, 'NX': 0, 'PIE': 0, 'rpath': 0, 'runpath': 0}",9a2d911c8b1124e99ef8913b5eec23ee5fe19e0af2607d444ff3b0319eee42c9,"['httpd', 'wpa_supplicant', 'eapolclient']"
radlogin,MIPS,0,0,"['libradiusclient-ng.so.2', 'libcrypt.so.0', 'libnsl.so.0', 'libgcc_s.so.1', 'libc.so.0']",[],0,"{'RELRO': 0, 'Canary': 0, 'NX': 0, 'PIE': 0, 'rpath': 0, 'runpath': 0}",5c1c943d28af1fb9246ee69c2aec75567351f54c65fb82fac44a23a45a330f82,[]
apneapc,MIPS,0,1,"['libpthread.so.0', 'libgcc_s.so.1', 'libc.so.0']",[],0,"{'RELRO': 0, 'Canary': 0, 'NX': 0, 'PIE': 0, 'rpath': 0, 'runpath': 0}",b77e58ce60b6a1c505e6ffac19212e4a2365e79deccba3f1661ac8ad8c972647,[]
rgbin,MIPS,0,1,"['libgcc_s.so.1', 'libc.so.0']",['SMTPSERVER'],1,"{'RELRO': 0, 'Canary': 0, 'NX': 0, 'PIE': 0, 'rpath': 0, 'runpath': 0}",c66119b72116c273dcf8c48af756e9176ea98cc84daf82de6b6139d788ec85ac,[]
ebtables,MIPS,0,1,"['libebtc.so', 'libebt_802_3.so', 'libebt_nat.so', 'libebt_arp.so', 'libebt_arpreply.so', 'libebt_ip.so', 'libebt_standard.so', 'libebt_log.so', 'libebt_redirect.so', 'libebt_vlan.so', 'libebt_mark_m.so', 'libebt_mark.so', 'libebt_pkttype.so', 'libebt_stp.so', 'libebt_among.so', 'libebt_limit.so', 'libebt_ulog.so', 'libebtable_filter.so', 'libebtable_nat.so', 'libebtable_broute.so', 'libgcc_s.so.1', 'libc.so.0']",[],0,"{'RELRO': 0, 'Canary': 0, 'NX': 0, 'PIE': 0, 'rpath': 1, 'runpath': 0}",2e64877f1d716417e19e2a0fce7989b005dcb2f23b3c6c6383cad61b1d1a0043,[]
snmptrap,MIPS,0,0,"['libpthread.so.0', 'libssl.so.0.9.8', 'libcrypto.so.0.9.8', 'libgcc_s.so.1', 'libc.so.0']","['MIBDIRS', 'MIBS', 'SNMPCONFPATH', 'HOME', 'SNMP_PERSISTENT_DIR', 'SNMP_PERSISTENT_FILE', 'PREFIX', 'MIBFILES']",1,"{'RELRO': 0, 'Canary': 0, 'NX': 0, 'PIE': 0, 'rpath': 0, 'runpath': 0}",e47a2c933a251fa8fbe3258d4b031a17a6f6e7ae60f91f7693288daf32b66b83,"['ldapsearch', 'snmpd', 'ldapwhoami']"
statistic,MIPS,0,0,"['libgcc_s.so.1', 'libc.so.0']",[],0,"{'RELRO': 0, 'Canary': 0, 'NX': 0, 'PIE': 0, 'rpath': 0, 'runpath': 0}",e2587a2ea4511ec4876a7db70bb591e17310401b549242a9d8f02468ceab4761,[]
pop3client_ssl,MIPS,1,0,[],[],0,"{'RELRO': 0, 'Canary': 0, 'NX': 0, 'PIE': 0, 'rpath': 0, 'runpath': 0}",2fd9be6ac8e7a68e271e6b131e345fde85e14e687a41d2cd811dc2f899f37f53,[]
tc,MIPS,0,1,"['libresolv.so.0', 'libm.so.0', 'libdl.so.0', 'libgcc_s.so.1', 'libc.so.0']","['HZ', 'PROC_NET_PSCHED', 'PROC_ROOT']",1,"{'RELRO': 0, 'Canary': 0, 'NX': 0, 'PIE': 0, 'rpath': 0, 'runpath': 0}",5ec91430a7b99d288f9d41121c9c5720b838a15c4e1393ad47c689860202bda7,['ip']
busybox,MIPS,0,1,['libc.so.0'],Not parsed,Not parsed,"{'RELRO': 0, 'Canary': 0, 'NX': 0, 'PIE': 0, 'rpath': 0, 'runpath': 0}",3b318b3d99f5d922a5ee8923579da984690a8868fb9bcb002f4b227fc7afb0ae,[]
dhcp6-multi,MIPS,0,1,"['libgcc_s.so.1', 'libc.so.0']",[],0,"{'RELRO': 0, 'Canary': 0, 'NX': 0, 'PIE': 0, 'rpath': 0, 'runpath': 0}",1832a5246140dbfe7844dc0c95892967b4e60be66e909fb401586e915a0dbb00,[]
