bin_name,bin_arch,is_static,is_stripped,used_libs,keywords,used_nvram_env,checksec,hash_value,bdg
snmpd,MIPS,0,1,"['libpthread.so.0', 'libssl.so.0.9.8', 'libcrypto.so.0.9.8', 'libgcc_s.so.1', 'libc.so.0']",[],0,"{'RELRO': 0, 'Canary': 0, 'NX': 0, 'PIE': 0, 'rpath': 0, 'runpath': 0}",ee9d6666297a950ae74e4ee89d68270e7ff75f20874774cfd9068d327ab86f67,[]
wlanconfig,MIPS,1,0,[],[],0,"{'RELRO': 0, 'Canary': 0, 'NX': 0, 'PIE': 0, 'rpath': 0, 'runpath': 0}",d3e32c4a9f0093062caf0628c813eb942650a2e012414ed53a4c05b31d419ead,[]
autorekey,MIPS,0,1,"['libgcc_s.so.1', 'libc.so.0']",[],0,"{'RELRO': 0, 'Canary': 0, 'NX': 0, 'PIE': 0, 'rpath': 0, 'runpath': 0}",171ad3f72e1b8d9adcca3a9552142f14460ceed54cefd57b0c20af7d962bc6ee,[]
trap_monitor,MIPS,0,1,"['libgcc_s.so.1', 'libc.so.0']",[],0,"{'RELRO': 0, 'Canary': 0, 'NX': 0, 'PIE': 0, 'rpath': 0, 'runpath': 0}",f0dfb3c3afdd20153665c36c990a20f4a512a29ba9a720c91490e3acc400a74f,[]
schedule_smtp,MIPS,0,1,"['libgcc_s.so.1', 'libc.so.0']",[],0,"{'RELRO': 0, 'Canary': 0, 'NX': 0, 'PIE': 0, 'rpath': 0, 'runpath': 0}",2a92c7598aa4b0cb7cca0145f3d436d80d03de5278d82e4e100a51939bc235d4,[]
xmldb,MIPS,0,1,"['libgcc_s.so.1', 'libc.so.0']",[],0,"{'RELRO': 0, 'Canary': 0, 'NX': 0, 'PIE': 0, 'rpath': 0, 'runpath': 0}",bd8e916fdd01f5a9f9adf16404865b5b761c450efa80684d4ac09f98d01a891c,[]
dnrd,MIPS,0,1,"['libgcc_s.so.1', 'libc.so.0']",[],0,"{'RELRO': 0, 'Canary': 0, 'NX': 0, 'PIE': 0, 'rpath': 0, 'runpath': 0}",6fd13ebff4072a764ac981d6d4c7ba387b8c1653da6251ae645ff5d8cfcb1c68,[]
ldapsearch,MIPS,0,0,"['libssl.so.0.9.8', 'libcrypto.so.0.9.8', 'libgcc_s.so.1', 'libc.so.0']",[],0,"{'RELRO': 0, 'Canary': 0, 'NX': 0, 'PIE': 0, 'rpath': 0, 'runpath': 0}",119ef82c74d3b42244d8787421774d290b4e1a4ffec314caabfbbb2ed6c12369,[]
fresetd,MIPS,0,0,"['libgcc_s.so.1', 'libc.so.0']",[],0,"{'RELRO': 0, 'Canary': 0, 'NX': 0, 'PIE': 0, 'rpath': 0, 'runpath': 0}",76d0d3752546ef5b6f03d45db1c95126e0248f2d9f302bfb4308354bf45b6ac5,[]
athstatsclr,MIPS,1,0,[],[],0,"{'RELRO': 0, 'Canary': 0, 'NX': 0, 'PIE': 0, 'rpath': 0, 'runpath': 0}",42e7a8adf596c7789665d6982dcc2c1fc8355d8d51b9c6851d6505d98e8a73c2,[]
iwpriv,MIPS,0,1,"['libgcc_s.so.1', 'libc.so.0']",[],0,"{'RELRO': 0, 'Canary': 0, 'NX': 0, 'PIE': 0, 'rpath': 0, 'runpath': 0}",46bad0d48f1745856569e08247612643f35062e1a81b925286f632737d0abcf9,[]
autorekeymatchtime,MIPS,0,1,"['libgcc_s.so.1', 'libc.so.0']",[],0,"{'RELRO': 0, 'Canary': 0, 'NX': 0, 'PIE': 0, 'rpath': 0, 'runpath': 0}",5eec7590bc0e738128fe5e834e3877caba2b1c447c3834b228925c9f0247ce56,[]
ebtables-restore,MIPS,0,1,"['libebtc.so', 'libebt_802_3.so', 'libebt_nat.so', 'libebt_arp.so', 'libebt_arpreply.so', 'libebt_ip.so', 'libebt_standard.so', 'libebt_log.so', 'libebt_redirect.so', 'libebt_vlan.so', 'libebt_mark_m.so', 'libebt_mark.so', 'libebt_pkttype.so', 'libebt_stp.so', 'libebt_among.so', 'libebt_limit.so', 'libebt_ulog.so', 'libebtable_filter.so', 'libebtable_nat.so', 'libebtable_broute.so', 'libgcc_s.so.1', 'libc.so.0']",[],0,"{'RELRO': 0, 'Canary': 0, 'NX': 0, 'PIE': 0, 'rpath': 1, 'runpath': 0}",216d80cd05ab5db92079436afd00a06cdda6b9af3cf38bf5637cadec5435e963,[]
static_dhcp,MIPS,0,0,"['libgcc_s.so.1', 'libc.so.0']",[],0,"{'RELRO': 0, 'Canary': 0, 'NX': 0, 'PIE': 0, 'rpath': 0, 'runpath': 0}",c8d65edb52b2a473f758c73dfd9c293e2893eca138d617106b4f69cf44a8c223,[]
telnetd,MIPS,0,1,"['libgcc_s.so.1', 'libc.so.0']",[],0,"{'RELRO': 0, 'Canary': 0, 'NX': 0, 'PIE': 0, 'rpath': 0, 'runpath': 0}",35b305d1693ccd7b95a59545ffeb6f3f6690b197b2ddb828ee565721ef7729c0,[]
neapc,MIPS,0,1,"['libgcc_s.so.1', 'libc.so.0']",[],0,"{'RELRO': 0, 'Canary': 0, 'NX': 0, 'PIE': 0, 'rpath': 0, 'runpath': 0}",07fdc7cf61e5fe3bfca791a67755e36a54f3a9a4e893730e78c89a99549d8651,[]
syslogd,MIPS,0,1,"['libgcc_s.so.1', 'libc.so.0']",[],0,"{'RELRO': 0, 'Canary': 0, 'NX': 0, 'PIE': 0, 'rpath': 0, 'runpath': 0}",c7e0a2c9258ec223be13f6a6e9fc2f75f559df8eccb9645ebf7116c5cf8eb954,[]
radlogin,MIPS,0,0,"['libradiusclient-ng.so.2', 'libcrypt.so.0', 'libnsl.so.0', 'libgcc_s.so.1', 'libc.so.0']",[],0,"{'RELRO': 0, 'Canary': 0, 'NX': 0, 'PIE': 0, 'rpath': 0, 'runpath': 0}",5c1c943d28af1fb9246ee69c2aec75567351f54c65fb82fac44a23a45a330f82,[]
captival_portal,MIPS,1,0,[],[],0,"{'RELRO': 0, 'Canary': 0, 'NX': 0, 'PIE': 0, 'rpath': 0, 'runpath': 0}",78c378096c685f31ba69d6723ede0c7f30f7133982c2dde2452a7eb32a3ed92e,[]
dhcp6-multi,MIPS,0,1,"['libgcc_s.so.1', 'libc.so.0']",[],0,"{'RELRO': 0, 'Canary': 0, 'NX': 0, 'PIE': 0, 'rpath': 0, 'runpath': 0}",1832a5246140dbfe7844dc0c95892967b4e60be66e909fb401586e915a0dbb00,[]
eapolclient,MIPS,0,0,"['libpthread.so.0', 'libgcc_s.so.1', 'libc.so.0']",['TOP'],1,"{'RELRO': 0, 'Canary': 0, 'NX': 0, 'PIE': 0, 'rpath': 0, 'runpath': 0}",bf5a106e36d1f3ab907d1fd8f02cf85d33e9156663baf72489893c17f4c08fb7,"['hostapd', 'httpd', 'wpa_supplicant', 'sendmail']"
ethreg,MIPS,0,0,"['libgcc_s.so.1', 'libc.so.0']",[],0,"{'RELRO': 0, 'Canary': 0, 'NX': 0, 'PIE': 0, 'rpath': 0, 'runpath': 0}",4dd8af683704b8bc7771b1caff6b317ce589af080d5eb9768e769825f493a384,[]
flashtest,MIPS,0,1,"['libgcc_s.so.1', 'libc.so.0']",[],0,"{'RELRO': 0, 'Canary': 0, 'NX': 0, 'PIE': 0, 'rpath': 0, 'runpath': 0}",e6ed3f270bc598b4883748454c7c2ce537d2fd05ce3f71e63a0f256a2dd6b7b3,[]
gpioc,MIPS,0,0,"['libgcc_s.so.1', 'libc.so.0']",[],0,"{'RELRO': 0, 'Canary': 0, 'NX': 0, 'PIE': 0, 'rpath': 0, 'runpath': 0}",17a2acf782893592798aa5cbaa2c56cca6a859b25a24651ff7389c5c29d05308,[]
statistic,MIPS,0,0,"['libgcc_s.so.1', 'libc.so.0']",[],0,"{'RELRO': 0, 'Canary': 0, 'NX': 0, 'PIE': 0, 'rpath': 0, 'runpath': 0}",e2587a2ea4511ec4876a7db70bb591e17310401b549242a9d8f02468ceab4761,[]
hostapd,MIPS,0,0,"['libssl.so.0.9.8', 'libcrypto.so.0.9.8', 'libgcc_s.so.1', 'libc.so.0']",['TOP'],1,"{'RELRO': 0, 'Canary': 0, 'NX': 0, 'PIE': 0, 'rpath': 0, 'runpath': 0}",9a2d911c8b1124e99ef8913b5eec23ee5fe19e0af2607d444ff3b0319eee42c9,"['httpd', 'wpa_supplicant', 'sendmail', 'eapolclient']"
apneapc,MIPS,0,1,"['libpthread.so.0', 'libgcc_s.so.1', 'libc.so.0']",[],0,"{'RELRO': 0, 'Canary': 0, 'NX': 0, 'PIE': 0, 'rpath': 0, 'runpath': 0}",b77e58ce60b6a1c505e6ffac19212e4a2365e79deccba3f1661ac8ad8c972647,[]
iputils-ping6,MIPS,0,1,"['libgcc_s.so.1', 'libc.so.0']",[],0,"{'RELRO': 0, 'Canary': 0, 'NX': 0, 'PIE': 0, 'rpath': 0, 'runpath': 0}",8cb2be6de7c5b505e94384934ee0a3a71611cc97c15df5cd22be30a10f72b803,[]
sendmail,MIPS,0,1,"['libresolv.so.0', 'libgcc_s.so.1', 'libc.so.0']","['SHELL', 'TOP']",1,"{'RELRO': 0, 'Canary': 0, 'NX': 0, 'PIE': 0, 'rpath': 0, 'runpath': 0}",7f525f5d743a9aaf9370d6538046325291581d9b35a30108eccc68842cc8fd80,"['hostapd', 'wpa_supplicant', 'eapolclient', 'athstats', 'httpd']"
athstats,MIPS,1,0,[],"['SHELL', 'TMPDIR']",1,"{'RELRO': 0, 'Canary': 0, 'NX': 0, 'PIE': 0, 'rpath': 0, 'runpath': 0}",c9438c5059e33fc302e2605886146b5f1d304cb00937e4c3a0a4b252cd9b64ec,['sendmail']
zic,MIPS,0,0,"['libgcc_s.so.1', 'libc.so.0']",['TZ'],1,"{'RELRO': 0, 'Canary': 0, 'NX': 0, 'PIE': 0, 'rpath': 0, 'runpath': 0}",3474dcaf291777196370b7efd54d2a9941d6e0a579831a8cfb4a25832a8f7da3,[]
busybox,MIPS,0,1,['libc.so.0'],Not parsed,Not parsed,"{'RELRO': 0, 'Canary': 0, 'NX': 0, 'PIE': 0, 'rpath': 0, 'runpath': 0}",756a91ddb1c68052ec5d96bb5c8d70fd05bfacf0ffce5beee9f0a6d39a16de62,[]
cwmHelper,MIPS,0,1,"['libgcc_s.so.1', 'libc.so.0']",[],0,"{'RELRO': 0, 'Canary': 0, 'NX': 0, 'PIE': 0, 'rpath': 0, 'runpath': 0}",18aecfe1a49e3f425a419696b59f2ccbc34b86d0ab68ae876667519979d8d07c,[]
udhcpd,MIPS,0,1,"['libm.so.0', 'libgcc_s.so.1', 'libc.so.0']",[],0,"{'RELRO': 0, 'Canary': 0, 'NX': 0, 'PIE': 0, 'rpath': 0, 'runpath': 0}",9dd03ebd2b5e256b64ee40dd56e46d847c8a7b459889879dea87e10280ef257c,[]
autorekeysleep,MIPS,0,1,"['libgcc_s.so.1', 'libc.so.0']",[],0,"{'RELRO': 0, 'Canary': 0, 'NX': 0, 'PIE': 0, 'rpath': 0, 'runpath': 0}",0aecb2eaa2cdd84b2c7fca58b4e229e4bbbc0be4ae5854d3b1a215d1e960d34b,[]
ldapwhoami,MIPS,0,0,"['libssl.so.0.9.8', 'libcrypto.so.0.9.8', 'libgcc_s.so.1', 'libc.so.0']","['LDAPNOINIT', 'HOME', 'LDAPCONF', 'LDAPRC']",1,"{'RELRO': 0, 'Canary': 0, 'NX': 0, 'PIE': 0, 'rpath': 0, 'runpath': 0}",bc56b92f26405491dd893433e5ae084fbae837084fc3e80e3ef01790f63d7138,['snmptrap']
lld2d,MIPS,0,1,"['libgcc_s.so.1', 'libc.so.0']",[],0,"{'RELRO': 0, 'Canary': 0, 'NX': 0, 'PIE': 0, 'rpath': 0, 'runpath': 0}",1c3c2e33fab7e7c4b67bec88a523730f74a68f26b56dacf2c8fd332ac7555658,[]
atp,MIPS,0,1,"['libgcc_s.so.1', 'libc.so.0']","['REALM', 'REMOTE_PASSWD', 'REQUEST_METHOD', 'QUERY_STRING', 'HTDOCS_DIR', 'REQUEST_URI', 'REMOTE_ADDR', 'SESSION_ID', 'REMOTE_USER']",1,"{'RELRO': 0, 'Canary': 0, 'NX': 0, 'PIE': 0, 'rpath': 0, 'runpath': 0}",021381590e95b9e838d363ae23d64601a2e2c9802a3f37cb77d8fed2000c232b,[]
httpd,MIPS,0,1,"['libcrypt.so.0', 'libgcc_s.so.1', 'libc.so.0']","['TOP', 'PATH']",1,"{'RELRO': 0, 'Canary': 0, 'NX': 0, 'PIE': 0, 'rpath': 0, 'runpath': 0}",0704908a5d13a9e32f68e2b199fd1f3dfbc219e373ae8b67f3fbe3ea736fc6f0,"['hostapd', 'wpa_supplicant', 'sendmail', 'eapolclient']"
radartool,MIPS,1,0,[],[],0,"{'RELRO': 0, 'Canary': 0, 'NX': 0, 'PIE': 0, 'rpath': 0, 'runpath': 0}",fe366398a00206e3bf91fc694a068ac2f14ca01a2e5d0471ff00d9b7479c7d02,[]
iwconfig,MIPS,0,1,"['libgcc_s.so.1', 'libc.so.0']",[],0,"{'RELRO': 0, 'Canary': 0, 'NX': 0, 'PIE': 0, 'rpath': 0, 'runpath': 0}",7a7211bf41bc15f59da17bea0c42850aece05a3f9674600d6c51d390d32a41b6,[]
radiusclient,MIPS,0,0,"['libradiusclient-ng.so.2', 'libcrypt.so.0', 'libnsl.so.0', 'libgcc_s.so.1', 'libc.so.0']",[],0,"{'RELRO': 0, 'Canary': 0, 'NX': 0, 'PIE': 0, 'rpath': 0, 'runpath': 0}",edac57ee4404c172bddefef6f5161775969f577e5c53ee373880ee99ef19f1a0,[]
neapclient,MIPS,0,0,"['libgcc_s.so.1', 'libc.so.0']",[],0,"{'RELRO': 0, 'Canary': 0, 'NX': 0, 'PIE': 0, 'rpath': 0, 'runpath': 0}",cba017fa037a47729d5695bd7c703a03934bf343ac25ffd45b225bb0a0e8e531,[]
nart.out,MIPS,0,0,"['libm.so.0', 'libpthread.so.0', 'libdl.so.0', 'libfield.so', 'libpart.so', 'libanwi.so', 'libgcc_s.so.1', 'libc.so.0']",[],0,"{'RELRO': 0, 'Canary': 0, 'NX': 0, 'PIE': 0, 'rpath': 0, 'runpath': 0}",372797b2498713985d718886b37813e4c973bf6dbed3b24db4e7ce678e0205cb,[]
pop3client_ssl,MIPS,1,0,[],[],0,"{'RELRO': 0, 'Canary': 0, 'NX': 0, 'PIE': 0, 'rpath': 0, 'runpath': 0}",f5b882e883a37d788cbfe90f09130832964f651ac6d99f495ac7208862bef03f,[]
cli,MIPS,1,1,[],[],0,"{'RELRO': 0, 'Canary': 0, 'NX': 0, 'PIE': 0, 'rpath': 0, 'runpath': 0}",2a7fc3a903cb4fc179c9fac5671751988fc0be0bf131f6e517b6e94ade610c0c,[]
tc_monitor,MIPS,0,1,"['libgcc_s.so.1', 'libc.so.0']",[],0,"{'RELRO': 0, 'Canary': 0, 'NX': 0, 'PIE': 0, 'rpath': 0, 'runpath': 0}",20272da79287583758d92b2027789e44c1817d7654fec83cb01e53d4474dfcaf,[]
iwlist,MIPS,0,1,"['libgcc_s.so.1', 'libc.so.0']",[],0,"{'RELRO': 0, 'Canary': 0, 'NX': 0, 'PIE': 0, 'rpath': 0, 'runpath': 0}",ad79f44fe9a441c124bd86a4951155dd910cf10c9df2b5ef0a42c392fd736326,[]
wlxmlpatch,MIPS,0,1,"['libgcc_s.so.1', 'libc.so.0']",[],0,"{'RELRO': 0, 'Canary': 0, 'NX': 0, 'PIE': 0, 'rpath': 0, 'runpath': 0}",6e15bca26377e70c8e9498b8963a573cf6fe5ddfde9d2b63289d66b4ba39ed0c,[]
arptables,MIPS,0,0,"['libgcc_s.so.1', 'libc.so.0']",[],0,"{'RELRO': 0, 'Canary': 0, 'NX': 0, 'PIE': 0, 'rpath': 0, 'runpath': 0}",2f8721504b4d6be0395976fc130d3c0d073543dcb212b057c6515b8b87873885,[]
servd,MIPS,0,1,"['libgcc_s.so.1', 'libc.so.0']",[],0,"{'RELRO': 0, 'Canary': 0, 'NX': 0, 'PIE': 0, 'rpath': 0, 'runpath': 0}",29e90598bc2e3ffd6ef4e466cdf496c992c59e4211020550df669e313ae563af,[]
klogd,MIPS,0,1,"['libgcc_s.so.1', 'libc.so.0']",[],0,"{'RELRO': 0, 'Canary': 0, 'NX': 0, 'PIE': 0, 'rpath': 0, 'runpath': 0}",91fb8c26fc5158c1d82df89e2cc16b4b1ff87508a0c224b5bf59ca74a336057c,[]
wpa_supplicant,MIPS,0,0,"['libgcc_s.so.1', 'libc.so.0']",['TOP'],1,"{'RELRO': 0, 'Canary': 0, 'NX': 0, 'PIE': 0, 'rpath': 0, 'runpath': 0}",67f3d369630b2d9a66cc96d679356c6668fc79d16398c28b3d2b62f4593365e5,"['hostapd', 'httpd', 'sendmail', 'eapolclient']"
rgbin,MIPS,0,1,"['libgcc_s.so.1', 'libc.so.0']",['SMTPSERVER'],1,"{'RELRO': 0, 'Canary': 0, 'NX': 0, 'PIE': 0, 'rpath': 0, 'runpath': 0}",d85e16aaf745c61089dc590c543119ffb7b0187dfb49c42655c9a383af174644,[]
vethctl,MIPS,0,1,"['libgcc_s.so.1', 'libc.so.0']",[],0,"{'RELRO': 0, 'Canary': 0, 'NX': 0, 'PIE': 0, 'rpath': 0, 'runpath': 0}",c1d4f92985d0de6c7267bc1d60f5af49a960d13194d4e749da13f436f1d79fed,[]
pop3client,MIPS,0,0,"['libgcc_s.so.1', 'libc.so.0']",[],0,"{'RELRO': 0, 'Canary': 0, 'NX': 0, 'PIE': 0, 'rpath': 0, 'runpath': 0}",6cdfa56ac294d45062b357075a938c05703f138e0e851e9f4f0a31fac14ddc42,[]
apneaps,MIPS,0,1,"['libpthread.so.0', 'libgcc_s.so.1', 'libc.so.0']",[],0,"{'RELRO': 0, 'Canary': 0, 'NX': 0, 'PIE': 0, 'rpath': 0, 'runpath': 0}",ae9f206b376aad8e7198bae6860116171bb02a3fd5ced8e9f853447dc6e9c990,[]
stunnel,MIPS,0,1,"['libdl.so.0', 'libutil.so.0', 'libnsl.so.0', 'libssl.so.0.9.8', 'libcrypto.so.0.9.8', 'libpthread.so.0', 'libz.so.1', 'libgcc_s.so.1', 'libc.so.0']",[],0,"{'RELRO': 0, 'Canary': 0, 'NX': 0, 'PIE': 0, 'rpath': 0, 'runpath': 0}",106e47a692b16e7788809bf014e70e703e7aaace8b48d9610ce805e052f9b5d8,[]
hostapd,MIPS,0,0,"['libssl.so.0.9.8', 'libcrypto.so.0.9.8', 'libgcc_s.so.1', 'libc.so.0']","['SSH_CLIENT', 'UNIQUE', 'SERVICE', 'ADDR', 'SSH_TTY', 'TOP', 'USER']",1,"{'RELRO': 0, 'Canary': 0, 'NX': 0, 'PIE': 0, 'rpath': 0, 'runpath': 0}",9a2d911c8b1124e99ef8913b5eec23ee5fe19e0af2607d444ff3b0319eee42c9,"['httpd', 'wpa_supplicant', 'sendmail', 'eapolclient']"
cloned,MIPS,0,1,"['libgcc_s.so.1', 'libc.so.0']",[],0,"{'RELRO': 0, 'Canary': 0, 'NX': 0, 'PIE': 0, 'rpath': 0, 'runpath': 0}",c92c9e623a0b6d076e151c93a6be5140afd99eb339400ec2a8d8f7f0e5b398c8,[]
neaps,MIPS,0,1,"['libgcc_s.so.1', 'libc.so.0']",[],0,"{'RELRO': 0, 'Canary': 0, 'NX': 0, 'PIE': 0, 'rpath': 0, 'runpath': 0}",66f4db2abcc12e0baac7c0b0099030dfd62ded1143dc67c12bea9975b98664c5,[]
wpa_supplicant,MIPS,0,0,"['libgcc_s.so.1', 'libc.so.0']",['TOP'],1,"{'RELRO': 0, 'Canary': 0, 'NX': 0, 'PIE': 0, 'rpath': 0, 'runpath': 0}",67f3d369630b2d9a66cc96d679356c6668fc79d16398c28b3d2b62f4593365e5,"['hostapd', 'httpd', 'sendmail', 'eapolclient']"
dhcpxmlpatch,MIPS,0,1,"['libgcc_s.so.1', 'libc.so.0']",[],0,"{'RELRO': 0, 'Canary': 0, 'NX': 0, 'PIE': 0, 'rpath': 0, 'runpath': 0}",06ab7f4f493e970c629150e0846d7e85d6d84a56e1abc76034aa4f85de180280,[]
email,MIPS,0,0,"['libcrypto.so.0.9.8', 'libssl.so.0.9.8', 'libm.so.0', 'libgcc_s.so.1', 'libc.so.0']",['EDITOR'],1,"{'RELRO': 0, 'Canary': 0, 'NX': 0, 'PIE': 0, 'rpath': 0, 'runpath': 0}",fd701eb805939b0d784525aaf044b6c19b3789732b2269c5dabf319e2ab1a454,[]
ebtables,MIPS,0,1,"['libebtc.so', 'libebt_802_3.so', 'libebt_nat.so', 'libebt_arp.so', 'libebt_arpreply.so', 'libebt_ip.so', 'libebt_standard.so', 'libebt_log.so', 'libebt_redirect.so', 'libebt_vlan.so', 'libebt_mark_m.so', 'libebt_mark.so', 'libebt_pkttype.so', 'libebt_stp.so', 'libebt_among.so', 'libebt_limit.so', 'libebt_ulog.so', 'libebtable_filter.so', 'libebtable_nat.so', 'libebtable_broute.so', 'libgcc_s.so.1', 'libc.so.0']",[],0,"{'RELRO': 0, 'Canary': 0, 'NX': 0, 'PIE': 0, 'rpath': 1, 'runpath': 0}",88169b723529e1e25139840a7c0a86c376d93d6befc777c35026a606251ed68c,[]
genZoneInfo,MIPS,0,0,"['libgcc_s.so.1', 'libc.so.0']",[],0,"{'RELRO': 0, 'Canary': 0, 'NX': 0, 'PIE': 0, 'rpath': 0, 'runpath': 0}",c5b6dc4c920d67e4463801df2d2be4d4fa076c138b98d25d484a3eacdbadd53b,[]
80211stats,MIPS,1,0,[],[],0,"{'RELRO': 0, 'Canary': 0, 'NX': 0, 'PIE': 0, 'rpath': 0, 'runpath': 0}",9b7ef4530628040510357538508352e6e39f11c47480cc90063eac57c9c5a4f0,[]
aparraymsg,MIPS,0,1,"['libgcc_s.so.1', 'libc.so.0']",[],0,"{'RELRO': 0, 'Canary': 0, 'NX': 0, 'PIE': 0, 'rpath': 0, 'runpath': 0}",7fe3f5807106ca0eb32b10573fb45287d6257bb3583bcaab16769e43104af09f,[]
sshd,MIPS,0,1,"['libcrypto.so.0.9.8', 'libutil.so.0', 'libcrypt.so.0', 'libresolv.so.0', 'libz.so.1', 'libgcc_s.so.1', 'libc.so.0']","['KRB5CCNAME', 'DISPLAY']",1,"{'RELRO': 0, 'Canary': 0, 'NX': 0, 'PIE': 0, 'rpath': 0, 'runpath': 0}",c7d834e64bfef65542a106e7a26f03d36cda0a6742b3bc9e6351eedb938c7f47,[]
neaps_array,MIPS,0,1,"['libgcc_s.so.1', 'libc.so.0']",[],0,"{'RELRO': 0, 'Canary': 0, 'NX': 0, 'PIE': 0, 'rpath': 0, 'runpath': 0}",d21478c082f3cb89e23c1c4a66935605882669b50f4f319bf30735bb42ac4c04,[]
tc,MIPS,0,1,"['libresolv.so.0', 'libm.so.0', 'libdl.so.0', 'libgcc_s.so.1', 'libc.so.0']","['HZ', 'PROC_NET_PSCHED', 'PROC_ROOT']",1,"{'RELRO': 0, 'Canary': 0, 'NX': 0, 'PIE': 0, 'rpath': 0, 'runpath': 0}",5ec91430a7b99d288f9d41121c9c5720b838a15c4e1393ad47c689860202bda7,['ip']
ap_igmp,MIPS,0,1,"['libgcc_s.so.1', 'libc.so.0']",[],0,"{'RELRO': 0, 'Canary': 0, 'NX': 0, 'PIE': 0, 'rpath': 0, 'runpath': 0}",f097621c5547331af078b140a054fad292e1cb136a7911fdac26e122419d52eb,[]
ethlink,MIPS,0,0,"['libgcc_s.so.1', 'libc.so.0']",[],0,"{'RELRO': 0, 'Canary': 0, 'NX': 0, 'PIE': 0, 'rpath': 0, 'runpath': 0}",a0a42be7e1e96b894a017c2b67ade378b2f774d21e12bd90dd3bb13afdb851f3,[]
snmptrap,MIPS,0,0,"['libpthread.so.0', 'libssl.so.0.9.8', 'libcrypto.so.0.9.8', 'libgcc_s.so.1', 'libc.so.0']","['MIBDIRS', 'MIBS', 'SNMPCONFPATH', 'HOME', 'SNMP_PERSISTENT_DIR', 'SNMP_PERSISTENT_FILE', 'PREFIX', 'MIBFILES']",1,"{'RELRO': 0, 'Canary': 0, 'NX': 0, 'PIE': 0, 'rpath': 0, 'runpath': 0}",ce010dfbaa08a8853919b3f2c7c42edd8702dc08c8305b6ba0aea95599cb2b91,['ldapwhoami']
ip,MIPS,0,1,"['libresolv.so.0', 'libgcc_s.so.1', 'libc.so.0']","['HZ', 'PROC_NET_PSCHED', 'PROC_ROOT']",1,"{'RELRO': 0, 'Canary': 0, 'NX': 0, 'PIE': 0, 'rpath': 0, 'runpath': 0}",f35f73d14b2208fba7cfdf881690c6a35dc7bbd0d3243313014a6125573fb698,['tc']
